sample,Max Distance,angle-20_35,angle-35_50,angle-50_65,angle-65_80,diaphyseal bending,Area 20%,Perimeter 20%,Ix 20%,Iy 20%,Ixy 20%,Imin 20%,Imax 20%,Theta 20%,Area 35%,Perimeter 35%,Ix 35%,Iy 35%,Ixy 35%,Imin 35%,Imax 35%,Theta 35%,Area 50%,Perimeter 50%,Ix 50%,Iy 50%,Ixy 50%,Imin 50%,Imax 50%,Theta 50%,Area 65%,Perimeter 65%,Ix 65%,Iy 65%,Ixy 65%,Imin 65%,Imax 65%,Theta 65%,Area 80%,Perimeter 80%,Ix 80%,Iy 80%,Ixy 80%,Imin 80%,Imax 80%,Theta 80%
AKMI_T7-2_Femur_R,453.063153810554,2.52709132553303,4.34516229293434,3.74752232748356,1.83647815270362,12.4562540986545,769.26906541986,101.502080775966,42802.8237242136,53860.095232739,-6356.78147644543,39906.8239348702,56756.0950220825,65.5071086782518,676.590351685796,94.6771483911382,35746.8879237941,37919.8737767115,-1581.55999902312,34914.5794249473,38752.1822755584,62.2440552377361,610.735144964752,93.0601226281868,30876.4114726899,31201.2146040416,3341.8228215281,27693.0464537068,34384.5796230246,-46.3910985410349,667.839071581726,94.2549630743418,36235.2385979792,35583.5353354871,318.842426047459,35453.4924852645,36365.2814482018,-22.1885483519033,988.025128952278,114.220348974682,66983.7510081537,92348.9545932476,-5281.11493517165,65928.1373712204,93404.5682301809,78.6964243501085
AKP_T81-3_Femur_R,458.334966818511,2.67373347975198,5.18887084320427,4.17799715774067,1.51207247957325,13.5526739602702,971.071037880257,118.256003537772,68018.1774501698,86037.7480857419,-2210.15037632242,67751.0561629204,86304.8693729913,83.1085924453669,622.816089291615,91.7575708229921,28563.0006334493,34456.0808337006,-2395.75012930076,27711.9471213393,35307.1343458106,70.4431976739737,587.703912837604,88.8151329510784,27603.5255822154,28522.8624291191,3556.96611359244,24476.6492906576,31649.7387206769,-48.6817750654749,632.786797876917,92.9543789770743,36057.1763659859,29313.6875842539,797.193341220043,29220.7274479456,36150.1365022941,-6.65118079233659,837.436246554217,105.313635472768,49639.6422513826,64754.2780259254,-5588.10824154973,47798.0236366583,66595.8966406498,71.7598320267431
AKP_T82-20_Femur_R,391.715087793229,1.74544604372336,3.90073993684018,3.90443187848056,1.75811165001867,11.3087295090628,529.307172867289,85.1317941923212,19609.1264589488,26411.2185961842,-2567.61915517254,18748.742898103,27271.6021570299,71.4745131715881,400.386955209261,71.9846178076298,12926.942722649,13024.9538623885,-2235.04449718561,10740.3666119984,15211.529973039,45.6280327994151,376.046527728719,71.140385643997,11372.7492526543,11545.0080205115,181.597104664249,11257.8916240713,11659.8656490946,-57.6872193559118,406.384889415117,72.6304523753962,13587.6870205361,12934.6396779084,-470.122732732847,12688.7709211098,13833.5557773347,27.6090473068313,562.375082696699,86.8967255306486,20455.4452098354,32260.5402478787,-2596.81087746076,19909.4662345634,32806.5192231507,78.1265134419082
AKP_T84-16_Femur_R,462.967743440611,2.85157806974145,4.49108132230379,3.05794888778606,1.4380078565175,11.8386161363488,811.517279525865,107.748805083846,48668.8371314437,61191.8789997077,-6968.59732474446,45561.9007174843,64298.8154136671,65.9703845391166,698.029973292105,95.3598829636233,35458.1880856216,42643.1674251491,987.953926676029,35324.8174535767,42776.538057194,-82.3117315319858,711.687457778061,98.5731956901091,44786.1764880832,38840.5180233917,6760.66471130985,34427.935893908,49198.7586175669,-33.131868174625,797.614246619656,103.074394401342,56614.7467065603,46543.4655987844,508.589881752642,46517.8474697179,56640.3648356268,-2.88360272931495,1023.99914579727,116.975587695819,73277.7042907866,101177.019866198,-15696.0357150878,66228.3504454794,108226.373711505,65.8143490544416
AKS_T12-2_Femur_R,416.682479135271,1.86070435230386,3.32033098707642,3.56956468556663,2.04721004605279,10.7978100709997,535.424126638768,86.9499444492324,29002.7774356993,20273.6101831058,-7474.37302228537,15982.7999820135,33293.5876367916,29.8588226100141,382.523207385499,71.0969823139614,13625.3783079619,10591.9154815482,-2606.13856364485,9093.28084853025,15124.0129409799,29.9006359670308,371.667516438719,70.1273211698873,11561.3668556253,10682.9691737035,36.5752623983314,10681.448861778,11562.8871675508,-2.38022464813711,392.435210907744,71.3519840208468,12023.7024704237,12580.0558574034,104.543379865192,12004.7065018556,12599.0518259715,-79.7014767518014,591.709637299718,89.9058016444734,21223.6552168735,38051.4495356479,-163.917702382687,21222.0586639525,38053.0460885689,89.441958676206
AUC_GT9-14_Femur_R,422.296242378542,3.40086792081363,6.00611714752341,4.70578644041181,2.2648728009248,16.3776443096737,482.88647828711,80.1388899660943,18213.978277579,19650.838241248,-2779.87210330979,16061.2011004717,21803.6154183553,52.2452297190899,412.668047956365,73.0450759602234,12707.4561991339,14606.2172626822,-91.5136548016815,12703.0557586052,14610.6177032108,87.247048872309,400.789164046617,74.6832624409045,12411.1390230399,14461.0671358536,2532.55716050365,10703.9981970998,16168.2079617938,-56.0169606841138,410.976343589511,73.036097957087,13637.7103804148,13393.3259472618,451.521469150335,13047.7547889408,13983.2815387359,-37.4285728865046,518.229487339403,83.8496296784859,18608.8087213231,26203.6420793639,-3110.40506884135,17497.5602939855,27314.8905067015,70.3398133961038
BG_150_Femur_R,465.781496499896,3.12444751853982,4.03043190525764,3.31641967644549,1.93767036711657,12.4089694673595,789.445768166429,116.662953128489,52334.6325200973,60461.9008786723,1632.81633699812,52018.8589844716,60777.6744142981,-79.0545771409776,559.173614949328,86.5391390377228,18614.7855819725,34407.4518616569,-4208.49608501115,17563.2968442333,35458.9405993961,75.97189700758,509.060679211352,81.7369896573417,17687.0967051247,24632.1888650511,1443.35472722728,17399.0777815177,24920.2077886582,-78.7149570194902,559.581791621691,85.0798000483568,22469.3962794722,27972.0166785864,1042.64580854475,22278.4593622387,28162.9535958199,-79.6225632805288,801.31944108413,102.842777236567,39924.2917646564,66465.5222183437,-559.218789313224,39912.5143548831,66477.299628117,88.7935023894604
BG_155_Femur_R,439.141972606389,3.77603526294239,6.08763311407436,4.86067830426222,1.947915758395,16.672262439674,835.100763658439,110.72936558644,50137.0981861247,67503.1103329927,2003.62674538862,49908.9250667623,67731.2834523552,-83.5031423296097,476.316307689621,78.8101900142357,22491.1227672903,14868.7657036211,-2775.96861230455,13964.9592367503,23394.9292341611,18.0343365627316,460.825923066843,78.5468341034925,20666.5110181529,14309.0159970832,318.481109586267,14293.1014045319,20682.4256107042,-2.86070705771866,486.099177606939,80.7069637850272,21398.3640005879,17221.2294090365,-1438.54865053338,16773.7494716292,21845.8439379952,17.2790096773143,618.523388944464,90.303693718893,27714.2124034485,34857.9558379272,-3429.93368099524,26334.0428627378,36238.1253786379,68.0806600055649
BG_170_Femur_R,394.373657015708,3.73992780251205,5.26534977854917,3.81918970887316,1.46044720128655,14.2849144912209,726.804682563145,110.077021993962,41728.3818242021,52883.3624915918,7211.37127609387,38189.2788191475,56422.4654966464,-63.8597196467307,425.4875742941,75.4758603548119,15626.4849686388,14673.9817525227,-4348.60250867664,10775.6294502082,19524.8372709533,41.874985825472,391.030753197312,73.7231180146374,12725.4764929646,12655.9171675324,-168.783064292475,12518.3676460381,12863.0260144588,39.1782643549692,393.948967508016,71.9960018602281,13008.5342468845,12192.9385575471,1097.37483887158,11430.0397638398,13771.4330405918,-34.8071606252417,598.664175491949,89.3947884813686,22480.016178748,37409.730768009,-679.443452124421,22449.158842082,37440.588104675,87.3996642218269
BG_204_Femur_R,395.038955642845,2.49558447534581,4.11581993665759,4.28703317404514,2.50868784790319,13.4071254339517,644.184666922545,94.9748610864408,33199.4550298184,36545.7162088894,-8967.16941589198,25750.6618473118,43994.5093913961,50.2844739662293,530.776362149436,84.0107131512144,20044.9790335773,25842.0590778799,-1884.56145134123,19486.192614113,26400.8454973442,73.4845199813878,502.267472573582,83.3905394371751,20132.2107812671,21397.8728243006,2444.56353228539,18239.8950812697,23290.188524298,-52.2568527797189,532.717866435456,83.7847315020775,21578.3746025029,24199.1727624529,-138.87639923998,21571.0360746572,24206.5112902986,86.9751809906441,698.432029279264,98.0087989812289,28677.1718399167,55436.3509816396,-6135.63301791692,27337.406478742,56776.1163428143,77.6823415667388
BG_482_Femur_R,416.540726639332,2.16655190748565,4.86135566548074,5.70489895376909,2.73178636769497,15.4645928944305,674.446254921664,96.2301851588244,32501.2565879473,43304.2180986673,-7079.86357568501,28997.6566249289,46807.8180616858,63.6706516968024,560.701987840121,87.4097419807047,27426.3241972069,24105.1627905881,-2705.13465190377,22591.585061,28939.901926795,29.2278984434722,534.775494572113,89.3585613896289,28001.1110467841,21049.7513231097,2460.22974244741,20267.1356471051,28783.7267227887,-17.6462182092827,628.648646317793,94.379469543552,34307.8143524691,31372.0528048721,-1536.92128862998,30714.6568876181,34965.2102697231,23.1581189271975,851.653132314463,109.451555818236,45198.3002035444,79403.9696727426,-8787.82119562549,43072.6987738244,81529.5711024626,76.402440776828
CCS_2004_Femur_R,427.544935196392,3.51602399423633,6.33964994462406,4.80679551288661,1.82096701886936,16.4834364706163,802.767503866934,108.560578953443,42804.1236538393,67762.0726529565,10799.5250160379,38779.930423151,71786.2658836448,-69.5632544308355,479.955600054209,80.4273422877298,20237.9500200139,16970.8937747106,978.318736028578,16700.3416267963,20508.5021679282,-15.4586797133808,449.166885168847,78.1209055985058,17042.9272856292,16092.4337629253,2534.55825174415,13988.9511829814,19146.409865573,-39.6899857650411,555.682256578624,85.1255913804724,23795.047642581,25645.8802557818,-898.966000694991,23430.2952738031,26010.6326245597,67.9153144650332,787.877099964123,105.608817518251,39635.808274999,67197.4579883462,-6949.14647302576,37982.8464792052,68850.41978414,76.6199629005708
CCS_2011_Femur_R,429.170294203704,3.59628515920852,6.26678011225292,4.91386730708403,2.14815936416317,16.9250919427086,912.339115473377,115.368946251071,62583.6732700064,74824.1006999302,930.409378033154,62513.3557050587,74894.418264878,-85.6779724030881,616.25929593645,90.2917988089273,32055.0404124874,29595.5762425019,-4389.47875379829,26266.8256050412,35383.7910499482,37.1747734662736,574.529705255975,88.688510374065,27720.3078868432,26353.1726113231,310.322591973281,26286.0307004014,27787.4497977649,-12.2084295867688,614.480182992647,90.599644429206,30368.4360331187,30443.1601726498,-48.1010805438474,30344.8913035376,30466.7049022309,63.9189718859861,924.643915825337,110.681826222472,59588.7985942728,80391.0888853264,-7844.08745930775,56962.5292454502,83017.358234149,71.4890017275515
CCS_2063_Femur_R,410.777581358005,5.13955695538385,7.29443659833213,3.49307080958257,1.22854386306105,17.1556082263596,1066.98655057736,132.535647464135,83166.3718651553,118731.790269482,23954.3220932262,71115.63853189,130782.523602748,-63.2943411906758,527.809868038103,83.023409688997,23979.1714092232,20883.5320033278,-621.231562005825,20763.5164366924,24099.1869758586,10.9342545818787,483.706152529688,82.0352350511488,19988.2045443502,18399.9815117245,2049.95675667149,16995.6991132524,21392.4869428224,-34.4123232054894,551.360456117597,85.576841434498,24346.7782992325,24902.9218921612,-1725.96703732095,22876.6263863543,26373.0738050394,49.5761586746135,733.893779754323,99.2746568592716,35291.3568373935,54971.3226430126,-7296.62570384041,32881.1964679989,57381.4830124072,71.7210096529384
CCS_2111_Femur_R,436.940892235737,3.45713805235321,5.11211929047985,3.39755331831189,1.24185782175101,13.208668482896,925.59009629385,116.625977489082,76146.9333125402,65606.8512051406,-7732.81162077586,61519.0234699501,80234.7610477307,27.8624562623588,533.123749723814,84.0923123360845,25795.7878672239,20263.631118703,-1713.3350396454,19775.987542546,26283.4314433808,15.8872323799134,490.383748889646,80.8976644658618,19833.7866625064,19301.0083774549,1966.17084783294,17583.2627014455,21551.5323385159,-41.1420958991035,524.230156825482,83.3031628933565,22551.7722691339,21651.1595548907,984.235904967936,21019.109163111,23183.8226609136,-32.7075090502739,706.724185793598,97.4997547934676,33345.3682301061,49301.4667901051,-1622.00613305801,33182.1538360942,49464.681184117,84.2539528120548
CCS_2152_Femur_R,404.067242047361,4.20029412305586,6.50844087261852,3.31206815853345,0.902574372845968,14.9233775270538,587.528594510556,89.266216458402,22948.4488824656,34095.551085094,-3035.58503847726,22175.4065349454,34868.5934326142,75.7127361855958,537.612500141437,86.0872909811878,21914.9472607385,25391.802674242,1004.66578755667,21645.5193361539,25661.2305988266,-74.9878403081092,471.791039934298,82.6839714240905,16785.1409421461,20664.0029499013,2951.37109312315,15193.002330665,22256.1415613824,-61.6550345587387,474.106836760012,79.4426561972511,16425.2648142546,20012.5800675419,712.38659721343,16288.973647405,20148.8712343916,-79.169259911557,617.83861600309,91.148780535808,23855.6725541073,40285.8967557525,-3885.85655729344,22982.9935034486,41158.5758064112,77.3426160981589
CCS_2155_Femur_R,451.292613903579,2.0974902654069,3.75503232564268,3.57079621586236,1.71007330338608,11.133392110298,736.822195316327,100.724552766907,40409.2059312218,48360.7932516169,4030.50639118493,38723.5583440116,50046.4408388271,-67.3042316829018,462.583104595914,77.7771838007295,19712.0224231183,14975.1707381712,-1536.55604333199,14520.3988465856,20166.7943147039,16.4870841277932,448.701279694496,76.6333624305526,18240.6991421806,14403.802283458,58.5276242021453,14402.9097168226,18241.591708816,-0.87371284539395,562.345518509309,85.7236368107301,24275.8848458359,26792.0637159956,-1800.14711783894,23337.7687640017,27730.1797978297,62.4744927671025,833.648304540677,105.660248056706,43685.8561636499,72240.4247930651,-1917.33893477132,43557.6888716294,72368.5920850856,86.1756703150072
CCS_2173_Femur_R,415.457469089121,4.85264019895712,5.24747905240348,3.99885192622326,2.30174565865506,16.4007168362389,1295.72771910407,164.251949446076,111641.578666435,180192.696410775,26288.9005249697,102720.838775732,189113.436301477,-71.2561353884226,604.761580270234,88.8735617072941,28816.971912574,30749.1986070583,-5708.71805364094,23993.1943441178,35572.9761755144,49.8027123312848,519.091237961433,83.5463395572014,18839.3030474002,25324.5259518205,-132.585424665449,18836.5935717454,25327.2354274753,88.8292837242085,589.652782441286,87.4096722343614,23814.8407331492,32452.7939222918,-1685.99157426656,23497.4257984218,32770.2088570192,79.3379511242503,843.729874880633,106.255514482634,43517.2940414115,76172.5020027807,-7381.01025016998,41926.4727547021,77763.32328949,77.8371561638672
CCS_2182_Femur_R,417.242721669567,2.63276492246427,4.37868378540589,3.05361383967659,1.20234802549877,11.2674105730455,663.260477851367,94.9756534857688,31959.8943744706,40275.9280591614,-6645.36236338605,28278.9096858852,43956.9127477468,61.0171497477729,534.120528510596,84.0310462734507,21451.5886199606,24691.5295324501,-2677.35529448047,19942.2563340616,26200.8618183491,60.5883046122293,484.713734180531,81.4503514219039,18244.7641328088,20221.8151584006,1898.95695138651,17092.4439732902,21374.1353179192,-58.7498942832359,505.196976148881,83.6836249666369,21748.2214454753,20472.6889716815,-171.497161584067,20450.0333363202,21770.8770808366,7.52548420220292,693.831001100736,97.93593719609,32692.5579255486,48818.9172560717,-5691.16915354952,30886.3772949956,50625.0978866248,72.3923585892826
CCS_2185_Femur_R,484.108660106762,2.67989056715328,4.65912822509109,3.06555957515859,0.786364773938945,11.1909431413419,890.384359073329,110.637371939872,54056.1246474627,77181.8387643499,-6583.63686426646,52313.19583229,78924.7675795226,75.1718819972698,617.809054976716,89.8409974197318,25740.2902807944,36124.7810284768,-2096.714742038,25332.9263172215,36532.1449920496,79.0051636063757,547.339932981922,86.3077865024278,21272.0968506868,28270.598815045,2690.27676711193,20357.466715307,29185.2289504249,-71.2231879182141,574.601151005937,87.8942856280889,23725.0499235133,30408.7603441543,396.049768868747,23701.6634387742,30432.1468288933,-86.6206450780007,803.343030436212,104.404573240917,38732.4231108334,70661.0871940469,-2908.825189147,38469.5815995479,70923.9287053325,84.8367740391836
CCS_2189_Femur_R,412.243503555209,2.23035819932314,3.44244803706413,2.20692262053213,1.02452457954402,8.90425343646342,740.809176131992,102.567258950887,37574.2623680102,54999.4106412236,-7288.28540682553,34927.7849483815,57645.8880608523,70.0433390347607,508.506910049269,81.4954808445877,18428.2478958495,23350.5023410187,-923.462465879545,18260.700522438,23518.0497144302,79.7164695290791,442.687508354182,78.2160450122883,13865.8482928502,18691.9102341742,1049.57645041741,13647.4672489002,18910.2912781243,-78.2463985643663,510.840001543666,81.1107191424896,19834.9008067961,22073.3326813284,-1910.77574906912,18739.6849258612,23168.5485622633,60.1795855651693,801.597849549346,104.941709204694,39626.0121454884,70553.8843298108,-8230.52001939787,37572.1064969512,72607.789978348,75.9881606917576
CCS_2203_Femur_R,471.437799099228,3.96559854477478,6.0151242827437,5.34715613243051,2.36681515547112,17.6946941154201,1271.3921920975,143.656876064304,94045.1758131555,201770.825033837,11273.4574528928,92878.0565933731,202937.944253619,-84.0893358286344,629.080089078074,91.6953915830362,36711.002166961,27722.5454637608,-1658.72561448935,27426.214438786,37007.3331919357,10.129024046023,591.880206498921,88.1475994835553,28971.8726964001,27480.4327893672,371.62335047396,27392.9647906844,29059.3406950829,-13.2444949822159,677.772465619399,93.8831769348034,36191.3101542197,37973.3382675805,-3124.61549313408,33833.1507730647,40331.4976487356,52.9580041096439,902.644274091706,113.019676446463,49876.7179738858,92573.4990969498,-9414.48182761738,47893.0223095732,94557.1947612624,78.1014383194101
CCS_2205_Femur_R,427.421534757722,2.84442531523938,4.25925858207559,3.24026524836005,0.983257054266865,11.3272061999419,707.282415980639,98.6218932986086,35316.8930400522,46550.4042126318,2068.22254397695,34948.2089760296,46919.0882766544,-79.8925485592397,522.28273605285,81.8777073015026,21355.0930782493,22161.4190765114,-203.94866269783,21306.4425529208,22210.0696018399,76.5832263011772,463.929189661006,79.8281471381084,17930.3393052785,17587.9429774392,2699.96925280209,15053.7497135972,20464.5325691205,-43.1859389243015,507.060712292367,82.9479716263743,21745.599841423,19660.3997783677,-12.8590158453995,19660.320482379,21745.6791374117,0.353313811285404,752.969701372117,100.097796301869,40492.3623841706,52758.1655837473,-6338.13681084915,37805.7140937589,55444.813874159,67.0285857677229
ET10-529_Femur_R,414.483071963358,2.92665470451638,5.46178700659705,4.9570680489226,2.12554427656706,15.4710540366031,694.040735531676,100.497376265434,44952.9202306405,38367.4291998918,-13909.2471194701,27366.4932979578,55953.8561325745,38.340757022035,455.297723745611,77.3430267280013,17182.7931563005,16847.2562930259,-4034.34168255857,12977.1962168779,21052.8532324485,43.8093611567608,442.284839839395,76.3630137604212,14763.6964590695,16861.688621339,637.233103403052,14585.3137045106,17040.0713758979,-74.3612983117949,546.248834768784,85.0834156643425,21834.1727246188,26920.6952697686,-2384.07428130262,20891.4638195606,27863.4041748269,68.4252030252396,917.306930418058,113.518443473527,46698.3511871818,102794.974943783,-11876.5387388961,44287.510555294,105205.815575671,78.5253351874123
ET15-397_Femur_R,484.340706241856,3.61290321735099,5.951552981177,4.24987973764828,1.67771241154636,15.4920483477226,1057.69663451284,119.47193836292,75316.3217725022,107534.779469062,-5423.80029341788,74427.7606553444,108423.34058622,80.6960931441509,712.305654727926,95.9134664422851,39721.4796567017,41577.7773291984,2360.95351258373,38112.7875931673,43186.4693927328,-55.730504483659,714.940732432558,100.298111497089,44778.7502075692,39916.6611151997,2830.05938433723,38616.8594163068,46078.5519064621,-24.6685736288817,803.68651801882,102.869798524214,48199.5992705123,56652.3976608262,-5370.39712541632,45591.9941167166,59260.0028146219,64.1010323632483,1130.96472195052,123.805384221387,75228.7583684244,142097.614432587,-8400.05294957169,74189.6912573086,143136.681543702,82.9484645360445
ET16-717_Femur_R,418.096011236079,2.35480678862061,3.46206851149392,2.15830246290449,0.929348028608362,8.90452579162739,564.028123914536,88.039988808375,21361.1962826999,30931.7553162049,-2825.00074828667,20589.5405576783,31703.4110412266,74.7222122459401,466.223331921463,78.728708626938,16428.0078738712,18556.8432682808,-1050.45490650245,15996.9522196859,18987.898922466,67.6891360625057,446.237471337916,76.0565211525527,15440.7945509041,16575.6850613088,-50.847400313717,15438.5209493268,16577.9586628861,87.4397695765367,522.549008006181,83.1840144202117,20831.3566668435,23936.0895212985,-4360.00611074164,17755.6030858941,27011.8431022479,54.7990558342185,777.023537697674,103.318748863386,36050.0656888358,68569.6323012431,-8890.54924914956,33778.1890824398,70841.508907639,75.6654880153609
ET2-428_Femur_R,404.871703375732,2.65148743739044,4.10602179061684,3.93587410840581,1.85607888137143,12.5494622177845,704.524969894215,97.3506220952883,36228.3210013509,44493.6734481015,-3810.05658840168,34740.0058553969,45981.9885940555,68.6629868674493,512.935833298636,82.5049760819001,21220.8084928835,21826.7137807987,-3751.27100313964,17760.2767880657,25287.2454856165,47.3085932408272,479.655219599071,79.8403679236839,18364.4493479146,18889.628441767,474.923536547455,18084.3551603124,19169.7226293692,-59.4693026638852,537.820685821208,85.1920035658956,19262.5587504508,28417.3420928827,-2659.05412030285,18546.2670795677,29133.6337637658,74.9236266766215,754.550382176812,103.713069815903,31403.6815993267,70492.072637846,-7424.38167598412,30041.0116967749,71854.7425403979,79.5996948172071
ET24-630_Femur_R,461.068631887613,1.74341999706618,2.14960833970488,1.9356126783872,0.955667448042751,6.78430846320101,713.576326405763,98.365231200371,37375.2680095212,46904.0323623254,-9031.56547068229,31928.4547429774,52350.8456288692,58.9063976211273,559.177940927971,86.7854783979859,27871.5226819692,23475.374917485,-4479.98285071259,20683.2809534043,30663.6166460499,31.9327141135905,516.470516438037,84.0739456308806,23300.5870709249,20303.2821121125,-181.748416064417,20292.3016093763,23311.5675736611,3.45737631081181,597.386586442746,88.877282937959,26861.1490183517,30934.6596138861,-3296.66250668601,25022.8100171408,32772.9986150969,60.8543717028307,896.598161365426,109.789135668854,49428.300307996,86761.9010501411,-8530.17230274714,47571.6195998747,88618.5817582624,77.7205048569888
ET33B-495_Femur_R,427.193998460292,1.797082779486,3.32083427190702,3.10893623096492,1.40682250781161,9.63367579016954,720.508000457521,99.5117472587854,36451.4979785426,47943.9899714201,-1100.60676728297,36347.0450160725,48048.4429338902,84.5785882987342,521.094748810954,81.8329797348242,22127.5604381653,21670.8177781656,-3387.30665698036,18504.1928117331,25294.1854045978,43.0714851931924,498.820687566148,80.6558043733773,21108.5025832201,18847.1690407229,-657.047676476713,18670.120630149,21285.550993794,15.0807616760242,571.057174055861,86.1377610880538,27023.0549419838,25235.8108100773,-1391.95905893461,24475.3136486142,27783.552103447,28.6499966159602,776.949882958462,103.048972875948,37611.5931921863,64341.9500046079,-4158.26051567243,36979.6603126338,64973.8828841604,81.3588501589532
ET35-85_Femur_R,412.014380539877,2.67169922126598,4.53596821728474,4.25393124700706,2.20669779728729,13.6682964828451,769.686568493899,103.297372300765,56030.1586445634,42544.2682305828,-10216.6283605352,37046.0204760287,61528.4063991175,28.2876520502346,484.660710563673,79.201646464012,20627.9193109778,17445.5130388673,-3075.00192065305,15574.4099735285,22499.0223763167,31.3200285585386,465.662590426825,78.1600536732872,18611.7551971254,16389.165235439,373.178071079487,16328.1810655754,18672.739366989,-9.28114644288078,567.081818412307,85.773866265986,25711.5303308622,25957.8527716912,-1649.62067815665,24180.4796337716,27488.9034687818,47.1348999551927,901.031742442705,110.431097183757,50979.4183603432,86723.4960306213,-8984.28123420428,48848.2804122812,88854.6339786833,76.6556524671714
ET4A-758_Femur_R,421.510631022291,3.26056331910814,2.97042707752995,2.66373593555225,1.70376870304528,10.5984950352356,930.058363229061,117.822594711086,62546.9967024086,84265.3461152501,14953.2196349863,54925.8994206602,91886.4433969985,-62.9937603498663,582.062491119364,87.2970285979817,24000.9103891244,30715.0867787925,-840.793036578742,23897.2220701897,30818.7750977272,82.9696636343415,531.126418406247,83.7508665801084,22802.7339083267,22911.2774559729,1795.85165874267,21060.3341468817,24653.6772174179,-45.8654939440908,721.351102767148,95.9906579124468,39231.4768704592,44017.9987818118,-1369.27747064935,38867.4531484875,44382.0225037835,75.1122257010756,1022.42629214262,116.67814617764,67046.2485631108,107366.675406583,-12103.4526500974,63692.0457415485,110720.878228146,74.5104697733816
ET4b-598_Femur_R,430.369767587022,2.60770153374203,4.01737724570065,3.68525085904374,1.70286141509103,12.0131910535775,725.436154595448,100.701367456147,38891.567668164,49327.9837619777,-9596.35001549722,33186.4232607765,55033.1281693651,59.268012348193,523.895539908995,83.214713993247,23405.1208399176,21502.3894442355,-4674.4038074971,17683.5195455288,27223.9907386244,39.2479549977576,501.600076965025,82.3624375659528,20801.3832487453,20014.3082441099,-1170.70883773349,19172.7623692916,21642.9291235636,35.7098827255666,600.104400670156,88.1107062877678,26078.6429109746,32123.8519887163,-3153.81584457106,24732.8733152423,33469.6215844487,66.8914983974865,947.109997845647,114.873953536063,52989.3537729428,102919.450409636,-12180.1542622069,50176.5368855444,105732.267297035,76.996397315021
KA_T11-7_Femur_R,388.560943378366,2.20749455354084,3.76384442060133,3.4803819446115,1.68628502634503,11.1380059450987,548.531858468151,84.9608054451006,22482.2708918269,26502.8152395569,-3936.78848018927,20072.192655287,28912.8934760968,58.5252823724811,436.108049795139,75.2489393757828,14352.9093764933,16386.3036849861,-1954.45403530245,13166.5260329905,17572.6870284889,58.7416120461982,418.211018398531,74.439629267981,13750.8761524023,14622.794527951,147.5222487117,13726.592765799,14647.0779145544,-80.6524642120212,441.139620105948,75.3621216554382,15748.0985515868,15424.1159867826,-291.138126420488,15252.9367659437,15919.2777724258,30.4540661362067,600.63724952838,89.1352900497655,23921.2062241705,36017.7630386601,-4658.20118386944,22335.3173578388,37603.6519049918,71.1988114255635
KA_T13-13_Femur_R,394.215321803465,1.75261930326382,3.98510764965613,4.40654994467711,1.81359657385406,11.9578734714511,477.355009356825,80.4548656302294,13638.406182091,24935.8365542486,-2045.67463842521,13279.3956770507,25294.847059289,80.0461067994695,449.860736957392,77.1470002038761,13995.9994196082,19057.4500790089,-1599.10726849478,13533.1124246179,19520.3370739992,73.856073720978,450.09520878537,78.5725964074482,16841.0306297987,16468.2192918237,335.485808754458,16270.8310039719,17038.4189176504,-30.4710886031626,485.443991505351,81.7132093687946,19636.1643732489,19183.8268408148,-1135.57036262531,18252.1215381948,20567.8696758688,39.3679681555359,637.051634490132,92.5440131713749,27299.5112589465,39638.8741601758,-2653.55971084173,26753.0667175133,40185.318701609,78.3638094061221
KA_T34-10_Femur_R,405.657346990722,2.94175686898677,5.13140839136849,4.16588221918146,1.92125497701707,14.1603024565538,843.729398024078,115.307540172438,53620.0751622383,68459.8695992571,-13818.7897560799,45355.1445188941,76724.8002426014,59.1166233818336,564.091360815827,86.8101645768597,22370.4951640326,30559.0675197401,-5167.26836379575,19872.0700900834,33057.4925936892,64.1957763509938,535.514860367519,84.1944968628112,20344.9551725063,26298.0613536822,1559.84670007241,19961.0038323852,26682.0126938033,-76.1717273790261,580.347131138572,86.5780962469198,25220.2391111967,28844.0868945476,1481.57470838565,24691.6220812575,29372.7039244867,-70.3639026754502,752.576628390875,99.3879716833844,38529.7247173822,54226.2983080713,-2324.42283462293,38192.7474891233,54563.2755363301,81.7511598556183
KA_T56-20_Femur_R,403.506918276787,2.12666595031422,3.69920203114172,3.46839129442932,1.81038870912212,11.1046479850074,562.03572685678,87.4576384087258,19139.5247192445,33815.3944922211,276.427381271219,19134.3199165087,33820.5992949569,-88.9213152663428,444.121314640213,77.4942678872337,12302.3107351004,20319.2536926368,-373.766123548109,12284.9227141828,20336.6417135544,87.3364562098836,420.18952584105,74.0212716391728,13409.3847083629,15132.2711420205,812.216350648324,13086.8600978919,15454.7957524914,-68.3423692621178,492.878915250175,79.609200262651,18380.8915885646,20649.7615651313,-1670.64996620009,17495.9172443435,21534.7359093523,62.0889994733597,747.877203608587,100.340835499436,33804.517888275,61106.9060592754,-6864.22247946977,32175.9001225889,62735.5238249615,76.6527015032743
KA_T57-3_Femur_R,423.44887700765,2.47922463642142,4.18137939183365,4.01820109491582,2.37819992597914,13.05700504915,594.050887530892,90.0759212003668,25884.0588356107,33596.5326728405,-7398.94716678843,21396.7364208586,38083.8550875926,58.7639756092883,551.459526088331,83.9364238949133,22448.6618592432,26203.9228143099,-1054.91114451456,22172.6132211739,26479.9714523792,75.3356847253828,544.750138190837,85.9551786687139,25325.5929224546,23512.3853891512,3733.94119849478,20576.5618938337,28261.416417772,-38.1763156988282,569.200265609058,88.1043627123084,29854.0963168386,23578.6815177521,1224.80927508937,23348.100704346,30084.6771302447,-10.6616349415134,729.160402229022,97.4348857868571,38676.8737578783,47222.5503993267,-2138.70578214336,38171.5105615438,47727.9135956613,76.7052122362398
Mauropigi_119_Femur_R,430.716696265716,2.29327162585431,4.81027485844342,5.48750904638657,2.9459322687439,15.5369877994282,723.793418704286,99.0272125655346,35133.3048442416,50162.403875034,-1445.94526615152,34995.4552500744,50300.2534692012,84.5541498987657,601.339411564073,88.7503674799532,27386.632334341,30466.1959015566,368.995058918196,27343.0363062322,30509.7919296654,-83.2618548757515,573.063413302844,90.6362256299957,31800.8332397926,23377.5226271699,-271.297346035969,23368.7937484636,31809.5621184988,1.84283202941689,642.098896098966,94.0895771999231,36975.3808280302,31035.6988522837,-2130.99526718335,30350.2564965556,37660.8231837583,17.8305753723875,975.242969097128,115.3577883546,65397.5011406467,91832.4106967835,-8436.08929621187,62934.7545990909,94295.1572383393,73.7258975782436
Mauropigi_126_Femur_R,434.05949623695,1.52327983021803,3.39672409613675,3.66956201612655,1.68102588212018,10.2705918246015,645.536415156291,95.9702059570419,30755.0094537029,37985.4703030818,-2689.37198853012,29864.3978132184,38876.0819435662,71.6772098104539,487.639677245061,79.4255376198091,21285.3145779267,17018.4619707277,-1693.81126185199,16427.8279989906,21875.9485496638,19.223723285262,454.544325516023,81.1573455582111,20425.6191294875,14647.650780006,791.245234336679,14541.2554157295,20532.014493764,-7.65838186629658,514.077047748324,84.868984257004,24783.2638809322,19255.0565540408,-675.366922096813,19173.744686894,24864.5757480789,6.86517212035821,685.636493123693,95.6000794087396,31830.563203408,46031.8003833952,-4973.65679958858,30261.9230984118,47600.4404883914,72.4952625218193
Mauropigi_159_Femur_R,426.687420903742,3.18790336667562,4.61957885103444,2.8351538143095,1.19948959975993,11.8421256317795,639.442353826534,96.9560942666886,31726.4006205897,35892.0531554997,-1177.91309158486,31416.3949859405,36202.0587901488,75.2551404260063,423.613965671187,74.4731491030025,13924.2667412913,15150.5585946908,-1335.38209484129,13067.9933042112,16006.8320317709,57.3312034570865,420.860124531122,74.8776045178991,14802.0466433448,13943.2713285352,503.017507419476,13711.2964733177,15034.0214985623,-24.7575718154573,456.304559236407,76.7494060815874,17634.8361379161,15749.2380911182,681.822552465873,15528.5286308467,17855.5455981876,-17.9370334119755,618.158803336726,90.3402497933407,27842.4996163669,34353.9347859997,1193.44942306562,27630.6505446505,34565.7838577162,-79.9342814912646
Mauropigi_187_Femur_R,423.068028713349,2.40674635182096,4.87297670258627,4.78468221127301,2.21165874841614,14.2760640140964,672.871459119568,96.8101506977792,29308.6345583245,46630.3384931726,-3182.50576228966,28742.4230855938,47196.5499659033,79.911851313155,566.77643072376,85.2710500634605,24980.3996338839,26390.0339810123,-1659.92034156093,23881.8580554304,27488.5755594658,56.503257883222,543.458907793053,85.6496011529472,25199.7384026201,22751.6731206009,1008.28870126746,22389.8615033807,25561.5500198404,-19.7398809398482,601.457814698029,90.0618603251989,33161.2836216605,26126.4796512209,381.609605279058,26105.8394353824,33181.923837499,-3.0959547588063,826.247063149317,104.161264590681,49020.7428374968,61857.4505627812,-4210.61289990375,47762.8653787854,63115.3280214926,73.3670235112738
Mauropigi_241_Femur_R,407.578383064513,2.54086056107671,4.72419113813275,4.6234545994727,2.39870821413843,14.2872145128206,580.041019009854,88.797049174572,27552.9696923267,27931.2465132266,-5820.38744389769,21918.6483634645,33565.5678420888,45.9306099198101,456.045580832385,76.5814269463627,16719.7821810439,16592.6537542266,-1100.39636923964,15553.9872392204,17758.4486960502,43.3469963433712,457.433129723948,79.3243217749897,18488.1024491012,16153.555766088,2093.57750316171,14923.8322749857,19717.8259402034,-30.4290822177806,509.062717869657,82.8552747859257,21142.2757933728,20883.7923643194,-320.041014249824,20667.8824142465,21358.1857434457,34.0048674248976,684.9631413995,97.9480633433424,29535.3964404361,51151.1355917765,-4171.63390683951,28758.2509441528,51928.2810880599,79.4471758940428
Mauropigi_244_Femur_R,427.896613470938,1.85752504731591,3.61429520691335,4.40654649680818,2.28638811894902,12.1647548699865,702.636834188809,105.089370158304,37582.1457736159,50309.2082463833,-11561.4447204077,30748.6495485037,57142.7044714954,59.414406316734,473.304889877139,79.5479869146961,13937.3134799516,23581.4876338119,-3027.59914956035,13065.6425370924,24453.158576671,73.9384508685341,458.807432379474,78.4697269242964,14870.9264685249,19882.9253544429,1982.81730375292,14181.3668573945,20572.4849655733,-70.8239815176657,520.169364214125,82.06293573148,20094.7518460307,23403.5121558777,-23.2290008269716,20094.5887759268,23403.6752259816,89.5977840239792,818.153172881596,105.908391527733,39796.5470665888,75311.2447679724,-8589.21405872358,37828.32783036,77279.4640042012,77.0934933236071
Mauropigi_277_Femur_R,454.655483152822,2.22594819524853,4.40539946670854,3.66329609721798,1.43224260426809,11.7268863634431,827.223067555004,108.129339621784,37004.2475549608,82237.0617784424,1986.75911020318,36917.1509193508,82324.1584140525,-87.4898433893889,679.560262817671,94.5983882737235,30790.7541147794,44274.2408128327,-340.630509347166,30782.1543223026,44282.8406053096,88.5537785025181,643.980784366277,92.9549477425573,31157.2562306454,36910.7152163885,-4945.65141507466,28312.5313197323,39755.4401273016,60.092607027282,710.389970197254,96.143121765018,40234.9446689283,40845.6942494419,-891.680832469031,39597.7970618294,41482.8418565408,54.4524214082113,982.468584087671,113.653309793229,64768.6307204241,93536.0071695806,6250.12543334856,63469.3806082473,94835.2572817574,-78.2568351004122
Mauropigi_281_Femur_R,479.566759155398,3.88716850727553,5.75738783799613,4.11249220479714,2.26213789362705,16.0191864436958,1000.84474760984,122.873951714479,74988.743007258,108703.595120582,37559.3931341803,50677.2387175563,133015.099410283,-57.0857605986444,546.385614408509,85.838470470068,28130.5524948103,21384.568658257,3532.52116009901,19873.3226393211,29641.7985137463,-23.1616978814808,593.445555314836,91.852237267421,37851.9462934374,22563.501043226,1464.27459254144,22424.5212667145,37990.9260699489,-5.42191427410383,731.63448279388,99.251737051988,45257.8718528258,42305.268818642,-3952.91645369679,39561.9714615191,48001.1692099487,34.7603871753258,1070.63214915686,118.637750857626,75816.9462017899,113151.245501595,-8871.17597342002,73816.2406363286,115151.951067056,77.2907823496984
Mauropigi_285_Femur_R,467.417458949603,1.89081767755422,4.04701740381174,4.80675001709385,2.53756847853185,13.2821535769917,806.538682897061,106.312898697315,39239.2410717994,72162.2265422569,-7073.93694982557,37783.665770039,73617.8018440173,78.3727647687571,668.054708412522,95.7169741585369,28063.158404925,46118.1951028529,-379.441709053817,28055.1876386584,46126.1658691195,88.7965895739389,642.775072770521,93.8076885937396,32727.7156075698,34938.4021147482,4370.74135072573,29324.715078438,38341.40264388,-52.0961539399854,686.015330952032,94.7450238673806,38248.6584587586,37410.6647856783,2056.31869785936,35731.0895038016,39928.2337406353,-39.2415180042749,1055.48180051354,118.94551880659,77664.8554098643,105244.331514847,-2995.76345435187,77343.1982715619,105565.988653149,83.8715919983034
Mauropigi_293_Femur_R,445.343021550025,2.01679415141733,3.62284527078206,3.03047096185196,1.4066373958476,10.076747779899,853.696957549341,109.169664871854,46452.0102190871,74530.2409064091,1284.90698064946,46393.3333390863,74588.9177864099,-87.3853332982988,635.142914164386,90.7480379725229,28236.3704543983,36738.9388353285,203.163090628887,28231.5187789056,36743.7905108212,-88.6319970641794,596.213841201612,89.9330196746425,29191.9851043276,29225.8543708425,3976.36224509855,25232.5214318253,33185.3180433448,-45.1220056281733,636.547258783295,91.9382288214113,35221.5171872033,30610.5138125646,2550.01190034008,29478.2984198862,36353.7325798817,-23.9414107867739,968.025638893765,112.197993990375,68378.6140465582,82729.3433357732,-2133.78723521247,68068.0648693107,83039.8925130206,81.7193707834593
Mauropigi_300_Femur_R,440.737554702418,4.46363843031864,5.7683835467072,2.51482639892289,1.17996460955195,13.9268129855007,997.980379539686,129.678026670877,65886.3242804269,123430.620376017,20725.4418862468,59198.9116334752,130118.033022969,-72.1168308688903,536.963786655044,84.9191109847771,23850.6938766073,23511.977096097,-4738.51183982521,18939.7981069241,28422.8728657802,43.9765360207265,521.568464737924,84.4096381087856,24040.3825652475,20531.8638524963,63.0842254868765,20530.7299455441,24041.5164721997,-1.02975168348272,579.421691144727,87.3963700884347,27778.7021983021,26487.6841192871,-611.508054958394,26244.0227469135,28022.3635706758,21.7252937443202,895.428657431698,108.630071457737,51726.0889705807,80710.362765184,-4315.34119834422,51097.2404003852,81339.2113353795,81.7089917508146
Mauropigi_318_Femur_R,467.083620872591,3.18102042151301,5.09329623846954,4.3053475761485,2.06544984485106,14.6451140809821,1020.29357617732,126.710346817597,58858.8555807689,127984.099762331,1983.57128805273,58801.9831511943,128040.972191905,-88.3576805491915,630.371137199555,91.8512066983222,26514.2381601013,38654.9212408333,-3754.75627542432,25446.8460892619,39722.3133116727,74.1307510105962,631.355193218471,91.9459221335736,30548.7963177062,33830.8429939702,1165.85263307347,30176.8194178009,34202.8198938755,-72.304198789838,724.614009107996,97.336695457653,39671.699065216,44679.9527898635,-3540.35032093837,37839.3836371847,46512.2682178948,62.6360847069776,1071.19639913316,121.705426047806,71608.2401723107,124942.795017649,-17219.9863238067,66531.6738748238,130019.361315136,73.5741331181294
Mauropigi_339_Femur_R,380.731478061394,2.69535323117632,4.74606111811474,3.38468367021541,1.28111795137449,12.107215970881,586.271682477955,91.8080566159714,33924.4879212022,25351.8978057385,-8710.12606941861,19930.5349859439,39345.8507409969,31.8989893287979,405.226985641941,73.2376080261647,13771.5464891632,13383.5633736271,-3271.42589806556,10300.3823495772,16854.7275132131,43.3032021286048,376.660852541314,70.8612101553284,10686.2570063526,12450.1349124483,-591.926147457564,10506.0317155347,12630.3602032663,73.0659444076455,415.459226847466,74.4882923810196,13100.7092371809,15018.874070054,-1607.93892943985,12187.5452269081,15932.0380803268,60.4073397128956,692.921681797845,98.1425803124383,25884.202371732,59331.1221538818,-5954.41040420502,24855.7859115561,60359.5386140577,80.2008297712517
Mauropigi_40_Femur_R,438.928090767299,3.47796156029685,5.66349716687876,3.63854162251025,1.47607758406959,14.2560779337554,755.5556681911,99.9439349057289,40615.6469635025,51891.1910902394,-2128.30671403148,40227.2956206097,52279.5424331322,79.6590267432296,585.070679842644,87.9492940871676,28256.868730522,26913.1855338383,-1553.09873333294,25892.8430970519,29277.2111673084,33.3037947771653,572.109356241107,89.9496143575311,29394.588015014,25196.8617450223,1430.36923739152,24755.8070438037,29835.6427162327,-17.1371592140895,624.743854843475,91.388847309305,32470.6006912272,31002.3336420655,-1306.65542642602,30237.7008622072,33235.2334710855,30.3354530034165,840.427975575501,106.466756122004,46295.4344818267,72153.0183831314,-9414.89325877524,43230.6690928067,75217.7837721513,71.9687336160813
Mauropigi_73_Femur_R,475.498403060028,3.70880946478786,5.53223064461194,3.08178116043107,1.18151600174453,13.5043372715754,810.051505212391,109.861571555019,49362.6585687773,60430.982611639,-1260.26265482491,49220.97605053,60572.6651298863,83.58556950321,592.284553842647,89.0561686152534,22894.2313842597,34456.1188299018,-1352.66680601277,22738.0867790775,34612.2634350841,83.4152268451862,573.715322728472,86.4794021801431,25301.1188932789,27683.9625100402,1165.17371928442,24826.0726636834,28159.0087396357,-67.8190709907427,625.796908532838,90.4981888519042,30533.0155686802,32696.0293000249,-2572.17806220327,28824.2254816652,34404.8193870399,56.4024870438564,883.983414747137,110.465753336988,48320.0338249322,85581.5683405153,-9389.06496512656,46087.9146684866,87813.687496961,76.6269800641151
Mauropigi_98_Femur_R,426.481605574253,4.6742406960022,7.10272414008588,5.23403724835454,2.72200446114807,19.7330065455907,1076.28126248376,127.155050360145,77615.9412984244,120463.568488939,12862.8328149282,74051.1123337281,124028.397453635,-74.5097218130495,655.493301277588,92.2101829896027,32756.1870072606,36083.0375558862,1101.63964005829,32424.4697954912,36414.7547676556,-73.2423073247417,650.687511233823,95.3027102942073,36848.6171969116,33466.554172831,4968.54507933837,29909.1547021746,40406.016667568,-35.60206274381,788.426209891561,102.7506184237,50062.6701015083,50293.000349214,-672.533963158335,49495.5120340848,50860.1584166375,49.8585580473788,1242.10343791771,129.937927749295,93609.7428293206,167870.086391856,-14267.7087163402,90962.8210953403,170517.008125836,79.4900682498175
WS09_317_Femur_R,438.389111387756,2.31338921421204,3.50485810441348,3.36877722628345,2.13136727524541,11.3183918201544,808.529650233393,105.091747484862,40578.886351522,68236.3555207849,-2565.66201820883,40342.8947815545,68472.3470907524,84.744677567274,668.124513936382,94.5904062425704,29274.2686468825,43696.5428652163,-1461.09225067955,29127.737037481,43843.0744746178,84.2730078015292,653.694248894498,93.9757776153499,33160.4010465155,36089.2208027577,1600.90126674413,32455.1609166857,36794.4609325876,-66.2252161791859,676.70044524343,94.2496915766328,35464.422941338,38328.1032077824,-19.7203606712849,35464.2871460855,38328.2390030348,89.6054650319133,866.395094580164,107.322448066951,46565.4302288432,78468.595122919,-4566.02205857999,45924.7994418341,79109.2259099282,82.013311807388
WS09_324_Femur_R,434.631284681054,3.06488655880815,5.11546075837337,4.11583812887569,1.86630423149834,14.1624896775556,704.939127889799,98.4333310219488,33545.3311696759,48755.9637326255,-710.561198844596,33512.209590006,48789.0853122954,87.3311882778173,553.834496360401,87.0815098174515,19893.7260442095,31113.0924045171,-2509.81690172758,19357.86398721,31648.9544615166,77.9479389756021,536.029682470537,83.6344370354064,21898.118919623,24345.9653029783,-181.106930296294,21884.7920560056,24359.2921665958,85.7914405067202,649.160083038674,91.7761274949893,30657.8953651554,37331.815398983,-1815.24237117634,30196.1178259072,37793.5929382312,75.7273278027012,946.494388373201,113.182583912149,55086.6526033103,94888.6161999707,-4210.57781502168,54646.0995019869,95329.1693012941,84.0268714814827
WS09_325_Femur_R,446.146604392593,2.5353725587261,4.06569170761687,3.77587370623986,2.00854743260258,12.3854854051854,938.086869262167,117.207167511316,81264.5467332244,67495.2176752631,-19067.7112689695,54107.3338021954,94652.430606292,35.0735862076393,642.502182764079,91.0046701790784,35178.0101035605,31156.8802501416,-3222.82081154232,29368.9000201069,36965.9903335952,29.0209592450672,578.509326511111,89.3360907580184,28764.8166983697,26600.4356778557,982.587268753485,26220.9100593084,29144.342316917,-21.119118981594,640.991164323709,93.0131509120332,34014.9780156404,33173.9330002355,-577.662908591905,32879.9391572172,34308.9718586586,26.9732124552812,865.330237433769,109.06660721346,47186.7306999773,81384.616211086,-12502.5812296144,43103.4077419487,85467.9391691146,71.91304523008
WS09_381_Femur_R,428.285667126534,2.81633996338745,4.29217729463125,4.33060230842245,1.91170592223987,13.350825488681,788.088974558758,107.491789889246,42853.369082791,61782.6735903185,237.564243072608,42850.3881025167,61785.6545705928,-89.2810844642943,580.265288668349,87.3096697637437,28132.1550988527,26835.5402942839,-5536.41871241063,21909.6002453882,33058.0951477483,41.6605776032906,523.859746242431,82.8321561058478,22972.0780144468,21290.4132768321,-673.000992638325,21054.24545598,23208.2458352989,19.3368643995753,531.772358940958,83.6604388335089,23318.772556227,22415.4055679469,-1360.54642582472,21433.5254758785,24300.6526482954,35.8172566481964,686.649117443957,96.6689691664258,31344.7868668142,48024.1086636799,-5278.85064680045,29814.4828183956,49554.4127120984,73.8334741981585
WS09_456_Femur_R,465.16349806052,2.72526550515735,4.9358978230723,4.60616126941668,2.3310610601718,14.5983856578181,850.426970926616,106.07609812986,52246.8660732506,64968.4644953223,-22.5142999034341,52246.8262282488,64968.5043403241,89.898600086772,669.609829283258,93.6275623336092,33500.2547961257,38490.2698335078,854.088068247873,33358.1182257219,38632.4064039117,-80.5514793248841,684.795088964048,97.6160252493924,43763.9421365502,33964.8977511256,2572.6049295265,33330.5592805844,44398.2806070914,-13.851367135398,794.365423470891,101.690822543107,48105.8156480925,53555.8380135033,-2429.11071576733,47180.311139101,54481.3425224948,69.142884917385,1041.78878811561,117.518872475888,68837.4396485618,111767.070712488,-11037.5948861718,66165.8344290453,114438.675932004,76.3934779838412
WS09_581_Femur_R,502.345925175581,4.03517527226988,6.3962907518429,4.07759650456505,1.55119533205574,16.0602578607336,1005.73880004104,116.693811176946,71496.6483182247,96132.0825037721,13950.9337029307,65203.7580710651,102424.972750932,-65.7211472636952,735.509486298115,97.367890448504,43806.3250616283,42487.463761422,-1005.80955610967,41944.1884435275,44349.6003795227,28.3751392579805,724.274264758594,99.0632353682611,46711.677300003,38998.0894663331,2340.92302280812,38343.2561916054,47366.5105747308,-15.6280563718339,735.24430799854,99.2878497744316,44135.0620508661,43647.2855876569,-3307.39390291991,40574.7999111222,47207.5477274008,42.8913124653137,929.243345171622,112.052569989772,61115.0528258129,82607.2725423083,-11458.5389823721,56152.0254481692,87570.299919952,66.5811567396432
WS09_595_Femur_R,461.421339354965,3.68643656169481,5.07830026258203,3.41606736595327,1.18871158127101,13.3695157715011,1014.85566072911,129.274344300819,73091.3089400254,116575.651497547,24101.6513984093,62374.0961820333,127292.86425554,-66.0268563357101,592.957448354722,88.1313200810367,25001.4714968657,32065.0901395633,-3594.05008723517,23494.3451059909,33572.216530438,67.2497815835083,530.894875900986,84.7504525381095,20843.7158309439,25175.2419759737,2021.65497304082,20046.7743086182,25972.1834982995,-68.4855152323092,580.144602803163,86.2125674222686,24017.0410025598,29986.0656962771,392.320168700686,23991.3658032145,30011.7408956224,-86.2556456333693,963.822568049922,114.78246468085,54466.4235292094,104441.756801944,-6920.42972161131,53525.8077029456,105382.372628208,82.2598629351985
